accuracy,macro_f1,precision,recall
0.9246691550729556,0.9260357772948485,0.9262797695186861,0.9266769269320637
